"state","school_records","total_main_allegations","allegations_per_school"
UTAH,1074,4104,3.82
ILLINOIS,4196,15208,3.62
WASHINGTON,2438,8724,3.58
NEW JERSEY,2558,7801,3.05
NEW YORK,4893,14427,2.95
VERMONT,298,859,2.88
OREGON,1336,3570,2.67
MISSOURI,2381,4798,2.02
WISCONSIN,2226,4428,1.99
ARIZONA,2069,3653,1.77
NEBRASKA,1053,1847,1.75
HAWAII,294,490,1.67
MINNESOTA,2348,3916,1.67
NEW HAMPSHIRE,493,798,1.62
INDIANA,1864,2819,1.51
